,sentence
0, ¯¦¯₪ף־¯_פא פדף־¯»ף־ע© פצ ¯₪¯_ע©פד¯±פצ¯»ף־ע© פצ FX ¯רף־¯רפא פ פֹף־¯«פצ¯ר 
1, ¯¦¯₪ף־¯_פא פדף־¯»ף־ע© פצ ¯₪¯_ע©פד¯±פצ¯»ף־ע© פצ FX ¯רף־¯רפא פ פֹף־¯«פצ¯ר 
2, ¯ר¯± ¯_¯₪ף־¯± פג¯_פֹ¯»פא¯₪ף־ ¯רף־ער¯± פֹף־¯ר¯₪פ פא¯₪ף־ ¯±ף־פצף־ ¯¦¯₪ף־¯_פא ¯₪פ פף־פד¯»¯±¯₪¯»ף־פצ פ¯_¯₪פד ¯רף־¯רפא פ פֹף־¯«פצ¯ר 
3, ¯¦¯₪ף־¯_פא פדף־¯»ף־ע© פצ ¯₪¯_ע©פד¯±פצ¯»ף־ע© פצ FX ¯רף־¯רפא פ פֹף־¯«פצ¯ר 
4, FX פֹף־¯₪פ ף־ ¯רף־¯₪פף־¯_ ¯»ף־¯¬ף־¯₪ פצ פף־¯¬פצפד¯₪ף־ ¯±¯₪¯_¯» פאפֹ¯±¯₪פא ¯¬¯₪ ¯ֲ¯₪¯¬¯ֲ¯₪ף־ף־ Significant פג¯ב¯_¯₪¯» ¯ר¯± FX פף־¯¬פצפד¯₪ ¯±פצף־¯» ¯«¯ר 
5, ¯¦¯₪ף־¯_פא פדף־¯»ף־ע© פצ ¯₪¯_ע©פד¯±פצ¯»ף־ע© ¯רף־¯רפא פ פֹף־¯«פצ¯ר 
6, ¯¦¯₪ף־¯_פא פדף־¯»ף־ע© פצ ¯₪¯_ע©פד¯±פצ¯»ף־ע© פצ FX ¯רף־¯רפא פ פֹף־¯«פצ¯ר 
7, ¯ר¯±¯±פ¯»ערף־ פג¯ר¯₪פֹף־ פֹפ¯µפד ¯«¯₪פ פא ף־ ע פ_ פצ פ ¯₪פֹפ ¯פֹף־ cortex ¯_פ¯±פא ף־ ערפדפ פצ¯_ף־¯ר פצ פד¯¬¯±פצפֹ פֹ¯«פאפצ¯ר ¯₪¯_¯» ע©פא פֹף־¯»פצ¯₪פ ¯ר פֹ¯ב¯±¯_ ע©פ פ ¯רפא ף־ ¯¢¯_ף־¯¬ ¯_¯₪¯¨¯»¯₪¯±פא¯₪ף־ פפצפג ¯¬¯₪¯«¯ר¯־ ¯»¯ב¯₪¯¬פג ¯¬¯₪ ף־¯₪פ¯»פא פא¯₪ף־ CT Scan ¯»פצ¯µף־פא פֹף־¯«פצ¯ר 
8, ¯¦¯₪ף־¯_פא פדף־¯»ף־ע© פצ ¯₪¯_ע©פד¯±פצ¯»ף־ע© פצ FX ¯רף־¯רפא פ פֹף־¯«פצ¯ר 
9, ¯ר¯± פֹף־¯ר¯₪פ פא¯₪ף־ ¯±ף־פצף־ ¯¦¯₪ף־¯_פא ¯₪פ פף־פד¯»¯±¯₪¯»ף־פצ פ¯_¯₪פד ¯רף־¯רפא פ פֹף־¯«פצ¯ר 
10, ¯»¯µפצף־¯± ¯_פ ער ¯ר¯± פֹ¯_ף־¯± ¯_ף־¯_¯»פֹ ¯₪¯ר¯±¯₪¯±ף־ פֹ¯«¯₪פא¯רפא פ ¯«¯ר 
11, פ פֹ¯₪ף־ ער¯₪¯_ ¯±פצ¯רפא ¯₪ף־ פ ¯±פֹ¯₪פד ¯₪¯_¯» 
12, ¯ר¯± ¯₪¯_¯»¯¨פצ¯₪פ פא¯₪ף־ פג¯₪¯¬פד ¯±פצף־¯» ¯¦¯₪ף־¯_פא ¯₪ף־ פֹ¯«¯₪פא¯רפא פ ¯«¯ר 
13, ¯¦¯₪ף־¯_פא פדף־¯»ף־ע© פצ ¯₪¯_ע©פד¯±פצ¯»ף־ע© פצ FX ¯רף־¯רפא פ פֹף־¯«פצ¯ר 
14, ¯¦¯₪ף־¯_פא פדף־¯»ף־ע© פצ ¯₪¯_ע©פד¯±פצ¯»ף־ע© פצ FX ¯רף־¯רפא פ פֹף־¯«פצ¯ר 
15, ¯¦¯₪ף־¯_פא פדף־¯»ף־ע© פצ ¯₪¯_ע©פד¯±פצ¯»ף־ע© פצ FX ¯רף־¯רפא פ פֹף־¯«פצ¯ר 
16, ¯ר¯± פֹף־¯ר¯₪פ פא¯₪ף־ ¯±ף־פצף־ ¯¦¯₪ף־¯_פא ¯₪פ פף־פד¯»¯±¯₪¯»ף־פצ פ¯_¯₪פד ¯רף־¯רפא פ פֹף־¯«פצ¯ר 
17, ¯¦¯₪ף־¯_פא פדף־¯»ף־ע© פצ ¯₪¯_ע©פד¯±פצ¯»ף־ע© פצ FX ¯רף־¯רפא פ פֹף־¯«פצ¯ר 
18, ¯ר¯± פֹף־¯ר¯₪פ פא¯₪ף־ ¯±ף־פצף־ ¯¦¯₪ף־¯_פא ¯₪פ פף־פד¯»¯±¯₪¯»ף־פצ פ¯_¯₪פד ¯רף־¯רפא פ פֹף־¯«פצ¯ר 
19, ¯ר¯± ¯₪¯_¯»¯¨פצ¯₪פ פא¯₪ף־ פג¯₪¯¬פד ¯±פצף־¯» ¯¦¯₪ף־¯_פא ¯₪ף־ פֹ¯«¯₪פא¯רפא פ ¯«¯ר 
20, ¯ר¯± פֹף־¯ר¯₪פ פא¯₪ף־ ¯±ף־פצף־ ¯¦¯₪ף־¯_פא ¯₪פ פף־פד¯»¯±¯₪¯»ף־פצ פ¯_¯₪פד ¯רף־¯רפא פ פֹף־¯«פצ¯ר 
21, ¯«פצ¯₪פא¯ר ¯רעקפ ¯±¯₪¯»ף־פצ פֹ¯¨¯»¯µ¯± פֹפא¯±פא פא¯₪ף־ פדפצפֹ¯¬¯₪¯± ¯»¯_¯»¯₪פ ף־ פֹ¯«פאפצ¯ר ¯₪¯_¯» 
22, ¯¦¯₪ף־¯_פא פדף־¯»ף־ע© פצ ¯₪¯_ע©פד¯±פצ¯»ף־ע© פצ FX ¯רף־¯רפא פ פֹף־¯«פצ¯ר 
23, ¯»¯µפצף־¯± ¯_פ ער ¯ר¯± פֹ¯_ף־¯± ¯_ף־¯_¯»פֹ ¯₪¯ר¯±¯₪¯±ף־ פֹ¯«¯₪פא¯רפא פ ¯«¯ר 
24, פ פֹ¯₪ף־ ער¯₪¯_ ¯±פצ¯רפא ¯₪ף־ פ ¯±פֹ¯₪פד ¯₪¯_¯» 
25, ¯ר¯± ¯₪¯_¯»¯¨פצ¯₪פ פא¯₪ף־ פג¯₪¯¬פד ¯±פצף־¯» ¯¦¯₪ף־¯_פא ¯₪ף־ פֹ¯«¯₪פא¯רפא פ ¯«¯ר 
26, ¯¦¯₪ף־¯_פא פדף־¯»ף־ע© פצ ¯₪¯_ע©פד¯±פצ¯»ף־ע© פצ FX ¯רף־¯רפא פ פֹף־¯«פצ¯ר 
27, ¯¦¯₪ף־¯_פא פדף־¯»ף־ע© פצ ¯₪¯_ע©פד¯±פצ¯»ף־ע© פצ FX ¯רף־¯רפא פ פֹף־¯«פצ¯ר 
28, ¯»¯µפצף־¯± ף־ע© ¯¦¯₪ף־¯_פא ¯¬¯₪ ¯ר¯₪פ ¯_ף־¯»פא ף־ פֹ¯»¯₪פד ¯¬פא ¯₪¯¬¯_¯₪¯ר ¯»פג¯±ף־¯¬ף־ 581 mm ¯ר¯± פֹ¯_¯₪¯¡¯₪¯» DIP ¯₪פ ער¯«¯» פ_פ ¯ֲפֹ ¯ר¯_¯» ע פ_ ¯±פצף־¯» פֹף־¯«פצ¯ר¯־ ¯»¯ב¯₪¯¬פג ¯¬¯₪ ¯¬¯₪פדף־פ  ¯₪¯_ פ ¯¯± ¯ֲ¯_פֹ ¯¨¯₪¯±¯ֲף־ ¯»פצ¯µף־פא פֹף־¯«פצ¯ר 
29, ¯ר¯± פֹף־¯ר¯₪פ פא¯₪ף־ ¯±ף־פצף־ ¯¦¯₪ף־¯_פא ¯₪פ פף־פד¯»¯±¯₪¯»ף־פצ פ¯_¯₪פד ¯רף־¯רפא פ פֹף־¯«פצ¯ר 
30, ¯¦¯₪ף־¯_פא פדף־¯»ף־ע© פצ ¯₪¯_ע©פד¯±פצ¯»ף־ע© פצ FX ¯רף־¯רפא פ פֹף־¯«פצ¯ר 
31, ¯ר¯± פֹף־¯ר¯₪פ פא¯₪ף־ ¯±ף־פצף־ ¯¦¯₪ף־¯_פא ¯₪פ פף־פד¯»¯±¯₪¯»ף־פצ פ¯_¯₪פד ¯רף־¯רפא פ פֹף־¯«פצ¯ר 
32, ¯¦¯₪ף־¯_פא פדף־¯»ף־ע© פצ ¯₪¯_ע©פד¯±פצ¯»ף־ע© פצ FX ¯רף־¯רפא פ פֹף־¯«פצ¯ר 
33, ¯¦¯₪ף־¯_פא פדף־¯»ף־ע© פצ ¯₪¯_ע©פד¯±פצ¯»ף־ע© ¯רף־¯רפא פ פֹף־¯«פצ¯ר 
34, ¯ר¯± פֹף־¯ר¯₪פ פא¯₪ף־ ¯±ף־פצף־ ¯¦¯₪ף־¯_פא ¯₪פ פף־פד¯»¯±¯₪¯»ף־פצ פ¯_¯₪פד ¯רף־¯רפא פ פֹף־¯«פצ¯ר 
35, ¯ר¯± פֹף־¯ר¯₪פ פא¯₪ף־ ¯±ף־פצף־ ¯¦¯₪ף־¯_פא ¯₪פ פף־פד¯»¯±¯₪¯»ף־פצ פ¯_¯₪פד ¯רף־¯רפא פ פֹף־¯«פצ¯ר 
36, ¯¦¯₪ף־¯_פא פדף־¯»ף־ע© פצ ¯₪¯_ע©פד¯±פצ¯»ף־ע© פצ FX ¯רף־¯רפא פ פֹף־¯«פצ¯ר 
37, ¯¦¯₪ף־¯_פא פדף־¯»ף־ע© פצ ¯₪¯_ע©פד¯±פצ¯»ף־ע© ¯רף־¯רפא פ פֹף־¯«פצ¯ר 
38, ¯ר¯± פֹף־¯ר¯₪פ פא¯₪ף־ ¯±ף־פצף־ ¯¦¯₪ף־¯_פא ¯₪פ פף־פד¯»¯±¯₪¯»ף־פצ פ¯_¯₪פד ¯רף־¯רפא פ פֹף־¯«פצ¯ר 
39, ¯¦¯₪ף־¯_פא פדף־¯»ף־ע© פצ ¯₪¯_ע©פד¯±פצ¯»ף־ע© פצ FX ¯רף־¯רפא פ פֹף־¯«פצ¯ר 
40, ¯ר¯± פֹף־¯ר¯₪פ פא¯₪ף־ ¯±ף־פצף־ ¯¦¯₪ף־¯_פא ¯₪פ פף־פד¯»¯±¯₪¯»ף־פצ פ¯_¯₪פד ¯רף־¯רפא פ פֹף־¯«פצ¯ר 
41, ¯ר¯± פֹף־¯ר¯₪פ פא¯₪ף־ ¯±ף־פצף־ ¯¦¯₪ף־¯_פא ¯₪פ פף־פד¯»¯±¯₪¯»ף־פצ פ¯_¯₪פד ¯רף־¯רפא פ פֹף־¯«פצ¯ר 
42, ¯»¯µפצף־¯± ¯_פ ער ¯ר¯± פֹ¯_ף־¯± ¯_ף־¯_¯»פֹ ¯₪¯ר¯±¯₪¯±ף־ פֹ¯«¯₪פא¯רפא פ ¯«¯ר 
43, פ פֹ¯₪ף־ ער¯₪¯_ ¯±פצ¯רפא ¯₪ף־ פ ¯±פֹ¯₪פד ¯₪¯_¯» 
44, ¯ר¯± ¯₪¯_¯»¯¨פצ¯₪פ פא¯₪ף־ פג¯₪¯¬פד ¯±פצף־¯» ¯¦¯₪ף־¯_פא ¯₪ף־ פֹ¯«¯₪פא¯רפא פ ¯«¯ר 
45, ¯ר¯± פֹף־¯ר¯₪פ פא¯₪ף־ ¯±ף־פצף־ ¯¦¯₪ף־¯_פא ¯₪פ פף־פד¯»¯±¯₪¯»ף־פצ פ¯_¯₪פד ¯רף־¯רפא פ פֹף־¯«פצ¯ר 
46, ¯¦¯₪ף־¯_פא פדף־¯»ף־ע© פצ ¯₪¯_ע©פד¯±פצ¯»ף־ע© פצ FX ¯רף־¯רפא פ פֹף־¯«פצ¯ר 
47, FX ¯רף־¯_¯»¯₪פד פֹ¯»¯₪ע©¯₪¯±פ_ 2 ¯ר¯_¯» ¯±¯₪¯_¯» פאפֹ¯±¯₪פא ¯¬¯₪ ¯ֲ¯₪¯¬¯ֲ¯₪ף־ף־ פֹ¯¨¯»¯µ¯± פֹ¯«פאפצ¯ר ¯₪¯_¯» 
48, ¯ר¯± פֹף־¯ר¯₪פ פא¯₪ף־ ¯±ף־פצף־ ¯¦¯₪ף־¯_פא ¯₪פ פף־פד¯»¯±¯₪¯»ף־פצ פ¯_¯₪פד ¯רף־¯רפא פ פֹף־¯«פצ¯ר 
49, ¯¦¯₪ף־¯_פא פדף־¯»ף־ע© פצ ¯₪¯_ע©פד¯±פצ¯»ף־ע© פצ FX ¯רף־¯רפא פ פֹף־¯«פצ¯ר 
50, ¯¦¯₪ף־¯_פא פדף־¯»ף־ע© פצ ¯₪¯_ע©פד¯±פצ¯»ף־ע© פצ FX ¯רף־¯רפא פ פֹף־¯«פצ¯ר 
51, ¯¦¯₪ף־¯_פא פדף־¯»ף־ע© פצ ¯₪¯_ע©פד¯±פצ¯»ף־ע© ¯רף־¯רפא פ פֹף־¯«פצ¯ר 
52, ¯ר¯± פֹף־¯ר¯₪פ פא¯₪ף־ ¯±ף־פצף־ ¯¦¯₪ף־¯_פא ¯₪פ פף־פד¯»¯±¯₪¯»ף־פצ פ¯_¯₪פד ¯רף־¯רפא פ פֹף־¯«פצ¯ר 
53, ¯ר¯± פֹף־¯ר¯₪פ פא¯₪ף־ ¯±ף־פצף־ ¯¦¯₪ף־¯_פא ¯₪פ פף־פד¯»¯±¯₪¯»ף־פצ פ¯_¯₪פד ¯רף־¯רפא פ פֹף־¯«פצ¯ר 
54, ¯»¯µפצף־¯± ¯_פ ער ¯ר¯± פֹ¯_ף־¯± ¯_ף־¯_¯»פֹ ¯₪¯ר¯±¯₪¯±ף־ פֹ¯«¯₪פא¯רפא פ ¯«¯ר 
55, ¯ר¯± ¯₪¯_¯»¯¨פצ¯₪פ פא¯₪ף־ פג¯₪¯¬פד ¯±פצף־¯» ¯¦¯₪ף־¯_פא ¯₪ף־ פֹ¯«¯₪פא¯רפא פ ¯«¯ר 
56, ¯ר¯± פֹף־¯ר¯₪פ פא¯₪ף־ ¯±ף־פצף־ ¯¦¯₪ף־¯_פא ¯₪פ פף־פד¯»¯±¯₪¯»ף־פצ פ¯_¯₪פד ¯רף־¯רפא פ פֹף־¯«פצ¯ר 
57, ¯ר¯± פֹף־¯ר¯₪פ פא¯₪ף־ ¯±ף־פצף־ ¯¦¯₪ף־¯_פא ¯₪פ פף־פד¯»¯±¯₪¯»ף־פצ פ¯_¯₪פד ¯רף־¯רפא פ פֹף־¯«פצ¯ר 
58, ¯»¯µפצף־¯± ¯_פ ער ¯ר¯± פֹ¯_ף־¯± ¯_ף־¯_¯»פֹ ¯₪¯ר¯±¯₪¯±ף־ פֹ¯«¯₪פא¯רפא פ ¯«¯ר 
59, ¯ר¯± ¯₪¯_¯»¯¨פצ¯₪פ פא¯₪ף־ פג¯₪¯¬פד ¯±פצף־¯» ¯¦¯₪ף־¯_פא ¯₪ף־ פֹ¯«¯₪פא¯רפא פ ¯«¯ר 
60, ¯»¯µפצף־¯± ¯_פ ער ¯ר¯± פֹ¯_ף־¯± ¯_ף־¯_¯»פֹ ¯₪¯ר¯±¯₪¯±ף־ פֹ¯«¯₪פא¯רפא פ ¯«¯ר 
61, פ פֹ¯₪ף־ ער¯₪¯_ ¯±פצ¯רפא ¯₪ף־ פ ¯±פֹ¯₪פד ¯₪¯_¯» 
62, ¯ר¯± ¯₪¯_¯»¯¨פצ¯₪פ פא¯₪ף־ פג¯₪¯¬פד ¯±פצף־¯» ¯¦¯₪ף־¯_פא ¯₪ף־ פֹ¯«¯₪פא¯רפא פ ¯«¯ר 
63, ¯¦¯₪ף־¯_פא פדף־¯»ף־ע© פצ ¯₪¯_ע©פד¯±פצ¯»ף־ע© פצ FX ¯רף־¯רפא פ פֹף־¯«פצ¯ר 
64, ¯ר¯± פֹף־¯ר¯₪פ פא¯₪ף־ ¯±ף־פצף־ ¯¦¯₪ף־¯_פא ¯₪פ פף־פד¯»¯±¯₪¯»ף־פצ פ¯_¯₪פד ¯רף־¯רפא פ פֹף־¯«פצ¯ר 
65,ע©¯₪פא¯« פֹ¯¨¯»¯µ¯± פ¯₪¯µפדפא פֹפ¯µפדף־ T1L12 ע©פא פֹ¯ב¯±¯_ ע©פ פ ¯רפא ¯»¯¼ף־ף־¯±¯₪¯» ¯רעקפ ¯±¯₪¯»ף־פצ פֹף־ ¯¬¯₪¯«¯ר 
66, ¯¦¯₪ף־¯_פא פדף־¯»ף־ע© פצ ¯₪¯_ע©פד¯±פצ¯»ף־ע© פצ FX ¯רף־¯רפא פ פֹף־¯«פצ¯ר 
67, ¯»¯µפצף־¯± ¯_פ ער ¯ר¯± פֹ¯_ף־¯± ¯_ף־¯_¯»פֹ ¯₪¯ר¯±¯₪¯±ף־ פֹ¯«¯₪פא¯רפא פ ¯«¯ר 
68, פ פֹ¯₪ף־ ער¯₪¯_ ¯±פצ¯רפא ¯₪ף־ פ ¯±פֹ¯₪פד ¯₪¯_¯» 
69, ¯ר¯± ¯₪¯_¯»¯¨פצ¯₪פ פא¯₪ף־ פג¯₪¯¬פד ¯±פצף־¯» ¯¦¯₪ף־¯_פא ¯₪ף־ פֹ¯«¯₪פא¯רפא פ ¯«¯ר 
70, ¯¦¯₪ף־¯_פא פדף־¯»ף־ע© פצ ¯₪¯_ע©פד¯±פצ¯»ף־ע© פצ FX ¯רף־¯רפא פ פֹף־¯«פצ¯ר 
71, ¯¦¯₪ף־¯_פא פדף־¯»ף־ע© פצ ¯₪¯_ע©פד¯±פצ¯»ף־ע© פצ FX ¯רף־¯רפא פ פֹף־¯«פצ¯ר 
72, ¯ר¯± פֹף־¯ר¯₪פ פא¯₪ף־ ¯±ף־פצף־ ¯¦¯₪ף־¯_פא ¯₪פ פף־פד¯»¯±¯₪¯»ף־פצ פ¯_¯₪פד ¯רף־¯רפא פ פֹף־¯«פצ¯ר 
73, ¯¦¯₪ף־¯_פא פדף־¯»ף־ע© פצ ¯₪¯_ע©פד¯±פצ¯»ף־ע© פצ FX ¯רף־¯רפא פ פֹף־¯«פצ¯ר 
74, ¯¦¯₪ף־¯_פא פדף־¯»ף־ע© פצ ¯₪¯_ע©פד¯±פצ¯»ף־ע© פצ FX ¯רף־¯רפא פ פֹף־¯«פצ¯ר 
75, ¯¦¯₪ף־¯_פא פדף־¯»ף־ע© פצ ¯₪¯_ע©פד¯±פצ¯»ף־ע© פצ FX ¯רף־¯רפא פ פֹף־¯«פצ¯ר 
76, ¯ר¯± פֹף־¯ר¯₪פ פא¯₪ף־ ¯±ף־פצף־ ¯¦¯₪ף־¯_פא ¯₪פ פף־פד¯»¯±¯₪¯»ף־פצ פ¯_¯₪פד ¯רף־¯רפא פ פֹף־¯«פצ¯ר 
77, ¯«פצ¯₪פא¯רף־ ¯₪¯_ ¯¦¯₪ף־¯_פא פ_¯₪¯»פצפדפצעקף־ע© פצ ¯רעקפ ¯±¯₪¯»ף־פצ ¯ר¯± פפג¯±¯₪¯» ¯±פצף־¯» פ ¯«¯ר 
78, ¯ר¯± פֹף־¯ר¯₪פ פא¯₪ף־ ¯±ף־פצף־ ¯¦¯₪ף־¯_פא ¯₪פ פף־פד¯»¯±¯₪¯»ף־פצ פ¯_¯₪פד ¯רף־¯רפא פ פֹף־¯«פצ¯ר 
79, ¯ר¯± פֹף־¯ר¯₪פ פא¯₪ף־ ¯±ף־פצף־ ¯¦¯₪ף־¯_פא ¯₪פ פף־פד¯»¯±¯₪¯»ף־פצ פ¯_¯₪פד ¯רף־¯רפא פ פֹף־¯«פצ¯ר 
80, ¯»¯¼ף־ף־¯±¯₪¯» ¯רעקפ ¯±¯₪¯»ף־פצ פֹ¯«פאפצ¯ר ¯₪¯_¯» 
81, ¯ר¯± פֹף־¯ר¯₪פ פא¯₪ף־ ¯±ף־פצף־ ¯¦¯₪ף־¯_פא ¯₪פ פף־פד¯»¯±¯₪¯»ף־פצ פ¯_¯₪פד ¯רף־¯רפא פ פֹף־¯«פצ¯ר 
82, ¯ר¯± פֹף־¯ר¯₪פ פא¯₪ף־ ¯±ף־פצף־ ¯¦¯₪ף־¯_פא ¯₪פ פף־פד¯»¯±¯₪¯»ף־פצ פ¯_¯₪פד ¯רף־¯רפא פ פֹף־¯«פצ¯ר 
83, ¯«ע©¯_¯»ערף־ פצ¯₪¯¦¯_ ¯₪¯_¯»¯¨פצ¯₪פ ף־ ¯ר¯± ¯₪¯_¯»¯¨פצ¯₪פ פא¯₪ף־ nasal ¯רפצ ¯ב¯±פ פֹ¯«¯₪פא¯רפא פ ¯«¯ר 
84, ¯ר¯± פֹף־¯ר¯₪פ פא¯₪ף־ ¯±ף־פצף־ ¯¦¯₪ף־¯_פא ¯₪פ פף־פד¯»¯±¯₪¯»ף־פצ פ¯_¯₪פד ¯רף־¯רפא פ פֹף־¯«פצ¯ר 
85, ¯ר¯± פֹף־¯ר¯₪פ פא¯₪ף־ ¯±ף־פצף־ ¯¦¯₪ף־¯_פא ¯₪פ פף־פד¯»¯±¯₪¯»ף־פצ פ¯_¯₪פד ¯רף־¯רפא פ פֹף־¯«פצ¯ר 
86, ¯ר¯± פֹף־¯ר¯₪פ פא¯₪ף־ ¯±ף־פצף־ ¯¦¯₪ף־¯_פא ¯₪פ פף־פד¯»¯±¯₪¯»ף־פצ פ¯_¯₪פד ¯רף־¯רפא פ פֹף־¯«פצ¯ר 
87, ¯»¯µפצף־¯± ¯_פ ער ¯ר¯± פֹ¯_ף־¯± ¯_ף־¯_¯»פֹ ¯₪¯ר¯±¯₪¯±ף־ פֹ¯«¯₪פא¯רפא פ ¯«¯ר 
88, פ פֹ¯₪ף־ ער¯₪¯_ ¯±פצ¯רפא ¯₪ף־ פ ¯±פֹ¯₪פד ¯₪¯_¯» 
89, ¯ר¯± ¯₪¯_¯»¯¨פצ¯₪פ פא¯₪ף־ פג¯₪¯¬פד ¯±פצף־¯» ¯¦¯₪ף־¯_פא ¯₪ף־ פֹ¯«¯₪פא¯רפא פ ¯«¯ר 
90, ¯«פצ¯₪פא¯ר ¯¢¯_ף־¯¬ פ ¯_¯ֲ פ ¯±פֹ ¯₪פ ער¯«¯» ¯₪פצפד ¯ר¯_¯» ¯±¯₪¯_¯» ¯±פצף־¯» ער¯±¯רף־¯ר 
91, ¯«פצ¯₪פא¯רף־ ¯₪¯_ ¯¦¯₪ף־¯_פא פ_¯₪¯»פצפדפצעקף־ע© פצ ¯רעקפ ¯±¯₪¯»ף־פצ ¯ר¯± פפג¯±¯₪¯» ¯±פצף־¯» פ ¯«¯ר 
92, ¯ר¯± פֹף־¯ר¯₪פ פא¯₪ף־ ¯±ף־פצף־ ¯¦¯₪ף־¯_פא ¯₪פ פף־פד¯»¯±¯₪¯»ף־פצ פ¯_¯₪פד ¯רף־¯רפא פ פֹף־¯«פצ¯ר 
93, ¯»¯µפצף־¯± ¯_פ ער ¯ר¯± פֹ¯_ף־¯± ¯_ף־¯_¯»פֹ ¯₪¯ר¯±¯₪¯±ף־ פֹ¯«¯₪פא¯רפא פ ¯«¯ר 
94, פ פֹ¯₪ף־ ער¯₪¯_ ¯±פצ¯רפא ¯₪ף־ פ ¯±פֹ¯₪פד ¯₪¯_¯» 
95, ¯ר¯± ¯₪¯_¯»¯¨פצ¯₪פ פא¯₪ף־ פג¯₪¯¬פד ¯±פצף־¯» ¯¦¯₪ף־¯_פא ¯₪ף־ פֹ¯«¯₪פא¯רפא פ ¯«¯ר 
96, ¯ר¯± פֹף־¯ר¯₪פ פא¯₪ף־ ¯±ף־פצף־ ¯¦¯₪ף־¯_פא ¯₪פ פף־פד¯»¯±¯₪¯»ף־פצ פ¯_¯₪פד ¯רף־¯רפא פ פֹף־¯«פצ¯ר 
97, ¯ר¯± פֹף־¯ר¯₪פ פא¯₪ף־ ¯±ף־פצף־ ¯¦¯₪ף־¯_פא ¯₪פ פף־פד¯»¯±¯₪¯»ף־פצ פ¯_¯₪פד ¯רף־¯רפא פ פֹף־¯«פצ¯ר 
98, ¯«פצ¯₪פא¯רף־ ¯₪¯_ ¯¦¯₪ף־¯_פא פ_¯₪¯»פצפדפצעקף־ע© פצ ¯רעקפ ¯±¯₪¯»ף־פצ ¯ר¯± פפג¯±¯₪¯» ¯±פצף־¯» פ ¯«¯ר 
99, ¯ר¯± פֹף־¯ר¯₪פ פא¯₪ף־ ¯±ף־פצף־ ¯¦¯₪ף־¯_פא ¯₪פ פף־פד¯»¯±¯₪¯»ף־פצ פ¯_¯₪פד ¯רף־¯רפא פ פֹף־¯«פצ¯ר 
100, ¯¦¯₪ף־¯_פא פדף־¯»ף־ע© פצ ¯₪¯_ע©פד¯±פצ¯»ף־ע© פצ FX ¯רף־¯רפא פ פֹף־¯«פצ¯ר 
101, ¯ר¯± פֹף־¯ר¯₪פ פא¯₪ף־ ¯±ף־פצף־ ¯¦¯₪ף־¯_פא ¯₪פ פף־פד¯»¯±¯₪¯»ף־פצ פ¯_¯₪פד ¯רף־¯רפא פ פֹף־¯«פצ¯ר 
102, ¯»¯µפצף־¯± ¯_פ ער ¯ר¯± פֹ¯_ף־¯± ¯_ף־¯_¯»פֹ ¯₪¯ר¯±¯₪¯±ף־ פֹ¯«¯₪פא¯רפא פ ¯«¯ר 
103, פ פֹ¯₪ף־ ער¯₪¯_ ¯±פצ¯רפא ¯₪ף־ פ ¯±פֹ¯₪פד ¯₪¯_¯» 
104, ¯ר¯± ¯₪¯_¯»¯¨פצ¯₪פ פא¯₪ף־ פג¯₪¯¬פד ¯±פצף־¯» ¯¦¯₪ף־¯_פא ¯₪ף־ פֹ¯«¯₪פא¯רפא פ ¯«¯ר Fecal loading פֹ¯«פאפצ¯ר ¯₪¯_¯» 
105, ¯ר¯± פֹף־¯ר¯₪פ פא¯₪ף־ ¯±ף־פצף־ ¯¦¯₪ף־¯_פא ¯₪פ פף־פד¯»¯±¯₪¯»ף־פצ פ¯_¯₪פד ¯רף־¯רפא פ פֹף־¯«פצ¯ר 
106, ¯»¯µפצף־¯± ¯_פ ער ¯ר¯± פֹ¯_ף־¯± ¯_ף־¯_¯»פֹ ¯₪¯ר¯±¯₪¯±ף־ פֹ¯«¯₪פא¯רפא פ ¯«¯ר 
107, ¯ר¯± ¯₪¯_¯»¯¨פצ¯₪פ פא¯₪ף־ פג¯₪¯¬פד ¯±פצף־¯» ¯¦¯₪ף־¯_פא ¯₪ף־ פֹ¯«¯₪פא¯רפא פ ¯«¯ר 
108, ¯¦¯₪ף־¯_פא פדף־¯»ף־ע© פצ ¯₪¯_ע©פד¯±פצ¯»ף־ע© פצ FX ¯רף־¯רפא פ פֹף־¯«פצ¯ר 
109, ¯¦¯₪ף־¯_פא פדף־¯»ף־ע© פצ ¯₪¯_ע©פד¯±פצ¯»ף־ע© פצ FX ¯רף־¯רפא פ פֹף־¯«פצ¯ר 
110, ¯¦¯₪ף־¯_פא פדף־¯»ף־ע© פצ ¯₪¯_ע©פד¯±פצ¯»ף־ע© פצ FX ¯רף־¯רפא פ פֹף־¯«פצ¯ר 
111, ¯¦¯₪ף־¯_פא פדף־¯»ף־ע© פצ ¯₪¯_ע©פד¯±פצ¯»ף־ע© פצ FX ¯רף־¯רפא פ פֹף־¯«פצ¯ר 
112, ¯»¯µפצף־¯± ¯_פ ער ¯ר¯± פֹ¯_ף־¯± ¯_ף־¯_¯»פֹ ¯₪¯ר¯±¯₪¯±ף־ פֹ¯«¯₪פא¯רפא פ ¯«¯ר 
113, ¯ר¯± ¯₪¯_¯»¯¨פצ¯₪פ פא¯₪ף־ פג¯₪¯¬פד ¯±פצף־¯» ¯¦¯₪ף־¯_פא ¯₪ף־ פֹ¯«¯₪פא¯רפא פ ¯«¯ר 
114, ¯ר¯± פֹף־¯ר¯₪פ פא¯₪ף־ ¯±ף־פצף־ ¯¦¯₪ף־¯_פא ¯₪פ פף־פד¯»¯±¯₪¯»ף־פצ פ¯_¯₪פד ¯רף־¯רפא פ פֹף־¯«פצ¯ר 
115, ¯»¯µפצף־¯± ¯_פ ער ¯ר¯± פֹ¯_ף־¯± ¯_ף־¯_¯»פֹ ¯₪¯ר¯±¯₪¯±ף־ פֹ¯«¯₪פא¯רפא פ ¯«¯ר 
116, פ פֹ¯₪ף־ ער¯₪¯_ ¯±פצ¯רפא ¯₪ף־ פ ¯±פֹ¯₪פד ¯₪¯_¯» 
117, ¯ר¯± ¯₪¯_¯»¯¨פצ¯₪פ פא¯₪ף־ פג¯₪¯¬פד ¯±פצף־¯» ¯¦¯₪ף־¯_פא ¯₪ף־ פֹ¯«¯₪פא¯רפא פ ¯«¯ר 
118, FX פאפֹ¯±¯₪פא ¯¬¯₪ ¯ֲ¯₪¯¬¯ֲ¯₪ף־ף־ ¯רף־¯₪פף־¯_ ¯רף־¯_¯»¯₪פד פפֹפצ¯± ע פ_ פֹ¯«פאפצ¯ר ¯₪¯_¯» 
119, ¯¦¯₪ף־¯_פא פדף־¯»ף־ע© פצ ¯₪¯_ע©פד¯±פצ¯»ף־ע© ¯רף־¯רפא פ פֹף־¯«פצ¯ר 
120, ¯¦¯₪ף־¯_פא פדף־¯»ף־ע© פצ ¯₪¯_ע©פד¯±פצ¯»ף־ע© ¯רף־¯רפא פ פֹף־¯«פצ¯ר 
121, ¯¦¯₪ף־¯_פא פדף־¯»ף־ע© פצ ¯₪¯_ע©פד¯±פצ¯»ף־ע© ¯רף־¯רפא פ פֹף־¯«פצ¯ר 
122, ¯¦¯₪ף־¯_פא פדף־¯»ף־ע© פצ ¯₪¯_ע©פד¯±פצ¯»ף־ע© ¯רף־¯רפא פ פֹף־¯«פצ¯ר 
123, ¯ר¯± פֹף־¯ר¯₪פ פא¯₪ף־ ¯±ף־פצף־ ¯¦¯₪ף־¯_פא ¯₪פ פף־פד¯»¯±¯₪¯»ף־פצ פ¯_¯₪פד ¯רף־¯רפא פ פֹף־¯«פצ¯ר 
124, ¯»¯µפצף־¯± ¯_פ ער ¯ר¯± פֹ¯_ף־¯± ¯_ף־¯_¯»פֹ ¯₪¯ר¯±¯₪¯±ף־ פֹ¯«¯₪פא¯רפא פ ¯«¯ר 
125, פ פֹ¯₪ף־ ער¯₪¯_ ¯±פצ¯רפא ¯₪ף־ פ ¯±פֹ¯₪פד ¯₪¯_¯» 
126, ¯ר¯± ¯₪¯_¯»¯¨פצ¯₪פ פא¯₪ף־ פג¯₪¯¬פד ¯±פצף־¯» ¯¦¯₪ף־¯_פא ¯₪ף־ פֹ¯«¯₪פא¯רפא פ ¯«¯ר 
127, ¯ר¯± פֹף־¯ר¯₪פ פא¯₪ף־ ¯±ף־פצף־ ¯¦¯₪ף־¯_פא ¯₪פ פף־פד¯»¯±¯₪¯»ף־פצ פ¯_¯₪פד ¯רף־¯רפא פ פֹף־¯«פצ¯ר 
128, ¯»¯µפצף־¯± ¯_פ ער ¯ר¯± פֹ¯_ף־¯± ¯_ף־¯_¯»פֹ ¯₪¯ר¯±¯₪¯±ף־ פֹ¯«¯₪פא¯רפא פ ¯«¯ר 
129, פ פֹ¯₪ף־ ער¯₪¯_ ¯±פצ¯רפא ¯₪ף־ פ ¯±פֹ¯₪פד ¯₪¯_¯» 
130, ¯«פצ¯₪פא¯רף־ ¯₪¯_ ¯¦¯₪ף־¯_פא פ_¯₪¯»פצפדפצעקף־ע© פצ ¯רעקפ ¯±¯₪¯»ף־פצ ¯ר¯± פפג¯±¯₪¯» ¯±פצף־¯» פ ¯«¯ר 
131, ¯ר¯± פֹף־¯ר¯₪פ פא¯₪ף־ ¯±ף־פצף־ ¯¦¯₪ף־¯_פא ¯₪פ פף־פד¯»¯±¯₪¯»ף־פצ פ¯_¯₪פד ¯רף־¯רפא פ פֹף־¯«פצ¯ר 
132, ¯»¯µפצף־¯± ¯_פ ער ¯ר¯± פֹ¯_ף־¯± ¯_ף־¯_¯»פֹ ¯₪¯ר¯±¯₪¯±ף־ פֹ¯«¯₪פא¯רפא פ ¯«¯ר 
133, פ פֹ¯₪ף־ ער¯₪¯_ ¯±פצ¯רפא ¯₪ף־ פ ¯±פֹ¯₪פד ¯₪¯_¯» 
134, ¯ר¯± ¯₪¯_¯»¯¨פצ¯₪פ פא¯₪ף־ פג¯₪¯¬פד ¯±פצף־¯» ¯¦¯₪ף־¯_פא ¯₪ף־ פֹ¯«¯₪פא¯רפא פ ¯«¯ר 
135, ¯ר¯± ¯_¯₪ף־¯± פג¯_פֹ¯»פא¯₪ף־ ¯רף־ער¯± פֹף־¯ר¯₪פ פא¯₪ף־ ¯±ף־פצף־ ¯¦¯₪ף־¯_פא ¯₪פ פף־פד¯»¯±¯₪¯»ף־פצ פ¯_¯₪פד ¯רף־¯רפא פ פֹף־¯«פצ¯ר 
136, ¯¦¯₪ף־¯_פא פדף־¯»ף־ע© פצ ¯₪¯_ע©פד¯±פצ¯»ף־ע© ¯רף־¯רפא פ פֹף־¯«פצ¯ר 
137, ¯«פצ¯₪פא¯ר ¯רעקפ ¯±¯₪¯»ף־פצ פֹפא¯±פא פא¯₪ף־ פדפצפֹ¯¬¯₪¯± ¯¬¯µפצ¯±¯» Osteophyte formation ¯¬¯₪ ¯₪¯±¯ֲ¯_ף־¯» ¯ר¯± ¯_¯ב¯_ L1פצ L2 פצ L3פצ L4 ¯±פצף־¯» ¯«¯ר 
138, ¯¦¯₪ף־¯_פא פדף־¯»ף־ע© פצ FX ¯רף־¯רפא פ פֹף־¯«פצ¯ר 
139, ¯ר¯± פֹף־¯ר¯₪פ פא¯₪ף־ ¯±ף־פצף־ ¯¦¯₪ף־¯_פא ¯₪פ פף־פד¯»¯±¯₪¯»ף־פצ פ¯_¯₪פד ¯רף־¯רפא פ פֹף־¯«פצ¯ר 
140, ¯»¯µפצף־¯± ¯_פ ער ¯ר¯± פֹ¯_ף־¯± ¯_ף־¯_¯»פֹ ¯₪¯ר¯±¯₪¯±ף־ פֹ¯«¯₪פא¯רפא פ ¯«¯ר 
141, ¯ר¯± ¯₪¯_¯»¯¨פצ¯₪פ פא¯₪ף־ פג¯₪¯¬פד ¯±פצף־¯» ¯¦¯₪ף־¯_פא ¯₪ף־ פֹ¯«¯₪פא¯רפא פ ¯«¯ר 
142, ¯¦¯₪ף־¯_פא פדף־¯»ף־ע© פצ ¯₪¯_ע©פד¯±פצ¯»ף־ע© פצ FX ¯רף־¯רפא פ פֹף־¯«פצ¯ר 
143, ¯¦¯₪ף־¯_פא פדף־¯»ף־ע© פצ ¯₪¯_ע©פד¯±פצ¯»ף־ע© פצ FX ¯רף־¯רפא פ פֹף־¯«פצ¯ר 
144, ¯ר¯± פֹף־¯ר¯₪פ פא¯₪ף־ ¯±ף־פצף־ ¯¦¯₪ף־¯_פא ¯₪פ פף־פד¯»¯±¯₪¯»ף־פצ פ¯_¯₪פד ¯רף־¯רפא פ פֹף־¯«פצ¯ר 
145, Chest tube ¯ר¯± פאפֹף־ ¯»פצ¯±¯₪ע©¯_ ע פ_ פצ ¯¢פֹפף־¯_פֹ פ ¯_¯ֲ פ ¯±פֹ פד¯»¯±¯₪פד פאפֹף־ ¯»פצ¯±¯₪ע©¯_ פצ ¯«פצ¯₪פא¯ר FX פגפצ¯_ פג¯ר¯₪פֹף־ ¯רפ ¯רפא פא¯₪ף־ 3פצ4 ¯_פֹ¯» ע פ_ פצ ¯«פצ¯₪פא¯ר FX פג¯¬פדף־ ע פ ¯ר ¯רפ ¯רפא ¯_פֹ¯» ¯±¯₪¯_¯» פֹ¯«פאפצ¯ר ¯₪¯_¯» 
146, ¯¦¯₪ף־¯_פא פדף־¯»ף־ע© פצ ¯₪¯_ע©פד¯±פצ¯»ף־ע© ¯רף־¯רפא פ פֹף־¯«פצ¯ר 
147, ¯»¯µפצף־¯± ¯_פ ער ¯ר¯± פֹ¯_ף־¯± ¯_ף־¯_¯»פֹ ¯₪¯ר¯±¯₪¯±ף־ פֹ¯«¯₪פא¯רפא פ ¯«¯ר 
148, פ פֹ¯₪ף־ ער¯₪¯_ ¯±פצ¯רפא ¯₪ף־ פ ¯±פֹ¯₪פד ¯₪¯_¯» 
149, ¯ר¯± ¯₪¯_¯»¯¨פצ¯₪פ פא¯₪ף־ פג¯₪¯¬פד ¯±פצף־¯» ¯¦¯₪ף־¯_פא ¯₪ף־ פֹ¯«¯₪פא¯רפא פ ¯«¯ר 
150, ¯ר¯± פֹף־¯ר¯₪פ פא¯₪ף־ ¯±ף־פצף־ ¯¦¯₪ף־¯_פא ¯₪פ פף־פד¯»¯±¯₪¯»ף־פצ פ¯_¯₪פד ¯רף־¯רפא פ פֹף־¯«פצ¯ר 
151, ¯»¯µפצף־¯± ¯_פ ער ¯ר¯± פֹ¯_ף־¯± ¯_ף־¯_¯»פֹ ¯₪¯ר¯±¯₪¯±ף־ פֹ¯«¯₪פא¯רפא פ ¯«¯ר 
152, פ פֹ¯₪ף־ ער¯₪¯_ ¯±פצ¯רפא ¯₪ף־ פ ¯±פֹ¯₪פד ¯₪¯_¯» 
153, ¯ר¯± ¯₪¯_¯»¯¨פצ¯₪פ פא¯₪ף־ פג¯₪¯¬פד ¯±פצף־¯» ¯¦¯₪ף־¯_פא ¯₪ף־ פֹ¯«¯₪פא¯רפא פ ¯«¯ר 
154, ¯¦¯₪ף־¯_פא פדף־¯»ף־ע© פצ ¯₪¯_ע©פד¯±פצ¯»ף־ע© פצ FX ¯רף־¯רפא פ פֹף־¯«פצ¯ר 
155, ¯»¯µפצף־¯± ¯_פ ער ¯ר¯± פֹ¯_ף־¯± ¯_ף־¯_¯»פֹ ¯₪¯ר¯±¯₪¯±ף־ פֹ¯«¯₪פא¯רפא פ ¯«¯ר 
156, פ פֹ¯₪ף־ ער¯₪¯_ ¯±פצ¯רפא ¯₪ף־ פ ¯±פֹ¯₪פד ¯₪¯_¯» 
157, ¯ר¯± ¯₪¯_¯»¯¨פצ¯₪פ פא¯₪ף־ פג¯₪¯¬פד ¯±פצף־¯» ¯¦¯₪ף־¯_פא ¯₪ף־ פֹ¯«¯₪פא¯רפא פ ¯«¯ר 
158, ¯»¯µפצף־¯± ¯_פ ער ¯ר¯± פֹ¯_ף־¯± ¯_ף־¯_¯»פֹ ¯₪¯ר¯±¯₪¯±ף־ פֹ¯«¯₪פא¯רפא פ ¯«¯ר 
159, פ פֹ¯₪ף־ ער¯₪¯_ ¯±פצ¯רפא ¯₪ף־ פ ¯±פֹ¯₪פד ¯₪¯_¯» 
160, ¯ר¯± ¯₪¯_¯»¯¨פצ¯₪פ פא¯₪ף־ פג¯₪¯¬פד ¯±פצף־¯» ¯¦¯₪ף־¯_פא ¯₪ף־ פֹ¯«¯₪פא¯רפא פ ¯«¯ר 
161, ¯ר¯± פֹף־¯ר¯₪פ פא¯₪ף־ ¯±ף־פצף־ ¯¦¯₪ף־¯_פא ¯₪פ פף־פד¯»¯±¯₪¯»ף־פצ פ¯_¯₪פד ¯רף־¯רפא פ פֹף־¯«פצ¯ר 
162, ¯»¯µפצף־¯± ¯_פ ער ¯ר¯± פֹ¯_ף־¯± ¯_ף־¯_¯»פֹ ¯₪¯ר¯±¯₪¯±ף־ פֹ¯«¯₪פא¯רפא פ ¯«¯ר 
163, פ פֹ¯₪ף־ ער¯₪¯_ ¯±פצ¯רפא ¯₪ף־ פ ¯±פֹ¯₪פד ¯₪¯_¯» 
164, ¯ר¯± ¯₪¯_¯»¯¨פצ¯₪פ פא¯₪ף־ פג¯₪¯¬פד ¯±פצף־¯» ¯¦¯₪ף־¯_פא ¯₪ף־ פֹ¯«¯₪פא¯רפא פ ¯«¯ר 
165, ¯ר¯± פֹף־¯ר¯₪פ פא¯₪ף־ ¯±ף־פצף־ ¯¦¯₪ף־¯_פא ¯₪פ פף־פד¯»¯±¯₪¯»ף־פצ פ¯_¯₪פד ¯רף־¯רפא פ פֹף־¯«פצ¯ר 
166, ¯»¯µפצף־¯± ¯_פ ער ¯ר¯± פֹ¯_ף־¯± ¯_ף־¯_¯»פֹ ¯₪¯ר¯±¯₪¯±ף־ פֹ¯«¯₪פא¯רפא פ ¯«¯ר 
167, פ פֹ¯₪ף־ ער¯₪¯_ ¯±פצ¯רפא ¯₪ף־ פ ¯±פֹ¯₪פד ¯₪¯_¯» 
168, ¯ר¯± ¯₪¯_¯»¯¨פצ¯₪פ פא¯₪ף־ פג¯₪¯¬פד ¯±פצף־¯» ¯¦¯₪ף־¯_פא ¯₪ף־ פֹ¯«¯₪פא¯רפא פ ¯«¯ר 
169, ¯«פצ¯₪פא¯רף־ ¯₪¯_ ¯¦¯₪ף־¯_פא פ_¯₪¯»פצפדפצעקף־ע© ¯ר¯± פפג¯±¯₪¯» ¯±פצף־¯» פ ¯«¯ר 
170, ¯ר¯± פֹף־¯ר¯₪פ פא¯₪ף־ ¯±ף־פצף־ ¯¦¯₪ף־¯_פא ¯₪פ פף־פד¯»¯±¯₪¯»ף־פצ פ¯_¯₪פד ¯רף־¯רפא פ פֹף־¯«פצ¯ר 
171, ¯ר¯± פֹף־¯ר¯₪פ פא¯₪ף־ ¯±ף־פצף־ ¯¦¯₪ף־¯_פא ¯₪פ פף־פד¯»¯±¯₪¯»ף־פצ פ¯_¯₪פד ¯רף־¯רפא פ פֹף־¯«פצ¯ר 
172, ¯»¯µפצף־¯± ¯_פ ער ¯ר¯± פֹ¯_ף־¯± ¯_ף־¯_¯»פֹ ¯₪¯ר¯±¯₪¯±ף־ פֹ¯«¯₪פא¯רפא פ ¯«¯ר 
173, פ פֹ¯₪ף־ ער¯₪¯_ ¯±פצ¯רפא ¯₪ף־ פ ¯±פֹ¯₪פד ¯₪¯_¯» 
174, ¯ר¯± ¯₪¯_¯»¯¨פצ¯₪פ פא¯₪ף־ פג¯₪¯¬פד ¯±פצף־¯» ¯¦¯₪ף־¯_פא ¯₪ף־ פֹ¯«¯₪פא¯רפא פ ¯«¯ר 
175, ¯«פצ¯₪פא¯ר ¯¢פֹפף־¯_פֹ ¯_ף־¯± ¯ֲפד¯רף־ פ ¯_¯ֲ פ ¯±פֹ פאפֹף־ ¯»פצ¯±¯₪ע©¯_ ע פ_ ¯±פצף־¯» ¯«¯ר 
176, ¯¦¯₪ף־¯_פא פדף־¯»ף־ע© פצ ¯₪¯_ע©פד¯±פצ¯»ף־ע© פצ FX ¯רף־¯רפא פ פֹף־¯«פצ¯ר 
177, ¯ר¯± פֹף־¯ר¯₪פ פא¯₪ף־ ¯±ף־פצף־ ¯¦¯₪ף־¯_פא ¯₪פ פף־פד¯»¯±¯₪¯»ף־פצ פ¯_¯₪פד ¯רף־¯רפא פ פֹף־¯«פצ¯ר 
178, ¯¦¯₪ף־¯_פא פדף־¯»ף־ע© פצ FX ¯רף־¯רפא פ פֹף־¯«פצ¯ר 
179, ¯¦¯₪ף־¯_פא פדף־¯»ף־ע© פצ ¯₪¯_ע©פד¯±פצ¯»ף־ע© פצ FX ¯רף־¯רפא פ פֹף־¯«פצ¯ר 
180, ¯¦¯₪ף־¯_פא פדף־¯»ף־ע© פצ ¯₪¯_ע©פד¯±פצ¯»ף־ע© פצ FX ¯רף־¯רפא פ פֹף־¯«פצ¯ר 
181, ¯¦¯₪ף־¯_פא פדף־¯»ף־ע© פצ ¯₪¯_ע©פד¯±פצ¯»ף־ע© ¯רף־¯רפא פ פֹף־¯«פצ¯ר 
182, ¯¦¯₪ף־¯_פא פדף־¯»ף־ע© פצ ¯₪¯_ע©פד¯±פצ¯»ף־ע© פצ FX ¯רף־¯רפא פ פֹף־¯«פצ¯ר 
183, ¯ר¯± פֹף־¯ר¯₪פ פא¯₪ף־ ¯±ף־פצף־ ¯¦¯₪ף־¯_פא ¯₪פ פף־פד¯»¯±¯₪¯»ף־פצ פ¯_¯₪פד ¯רף־¯רפא פ פֹף־¯«פצ¯ר 
184, ¯»¯µפצף־¯± ¯_פ ער ¯ר¯± פֹ¯_ף־¯± ¯_ף־¯_¯»פֹ ¯₪¯ר¯±¯₪¯±ף־ פֹ¯«¯₪פא¯רפא פ ¯«¯ר 
185, פ פֹ¯₪ף־ ער¯₪¯_ ¯±פצ¯רפא ¯₪ף־ פ ¯±פֹ¯₪פד ¯₪¯_¯» 
186, ¯ר¯± ¯₪¯_¯»¯¨פצ¯₪פ פא¯₪ף־ פג¯₪¯¬פד ¯±פצף־¯» ¯¦¯₪ף־¯_פא ¯₪ף־ פֹ¯«¯₪פא¯רפא פ ¯«¯ר 
187, ¯¦¯₪ף־¯_פא פדף־¯»ף־ע© פצ ¯₪¯_ע©פד¯±פצ¯»ף־ע© פצ FX ¯רף־¯רפא פ פֹף־¯«פצ¯ר 
188, ¯»¯µפצף־¯± ף־ע© ¯¦¯₪ף־¯_פא ¯¬¯₪ ¯ר¯₪פ ¯_ף־¯»פא פֹ¯«¯₪¯¬פא ¯₪¯_¯»¯¨פצ¯₪פ  ¯ר¯± פֹ¯ֲ¯₪פצ¯±¯» ער¯±¯רפ  פאפצפֹ¯±פצ¯_ ע פ_ ¯±פצף־¯» ער¯±¯רף־¯ר ע©פא פֹף־¯»פצ¯₪פ ¯ר פֹ¯ב¯±¯_ ע©פ פ ¯רפא avulsion FX ¯¬¯₪¯«¯ר פצ ¯»¯ב¯₪¯¬פג ¯¬¯₪ ¯¬¯₪פדף־פ  פצ ף־¯₪פ¯»פא פא¯₪ף־ CT ¯₪¯_ע©פ  ¯₪¯_ ¯ֲפא¯» RO FX ¯»פצ¯µף־פא פֹף־ער¯±¯ר¯ר 
189, ¯¦¯₪ף־¯_פא פדף־¯»ף־ע© פצ ¯₪¯_ע©פד¯±פצ¯»ף־ע© ¯רף־¯רפא פ פֹף־¯«פצ¯ר 
190, ¯¦¯₪ף־¯_פא פדף־¯»ף־ע© פצ ¯₪¯_ע©פד¯±פצ¯»ף־ע© פצ FX ¯רף־¯רפא פ פֹף־¯«פצ¯ר 
191, ¯ר¯± פֹף־¯ר¯₪פ פא¯₪ף־ ¯±ף־פצף־ ¯¦¯₪ף־¯_פא ¯₪פ פף־פד¯»¯±¯₪¯»ף־פצ פ¯_¯₪פד ¯רף־¯רפא פ פֹף־¯«פצ¯ר 
192, ¯ר¯± פֹף־¯ר¯₪פ פא¯₪ף־ ¯±ף־פצף־ ¯¦¯₪ף־¯_פא ¯₪פ פף־פד¯»¯±¯₪¯»ף־פצ פ¯_¯₪פד ¯רף־¯רפא פ פֹף־¯«פצ¯ר 
193, ¯¦¯₪ף־¯_פא פדף־¯»ף־ע© פצ ¯₪¯_ע©פד¯±פצ¯»ף־ע© פצ FX ¯רף־¯רפא פ פֹף־¯«פצ¯ר 
194, ¯«פצ¯₪פא¯רף־ ¯₪¯_ ¯¦¯₪ף־¯_פא פ_¯₪¯»פצפדפצעקף־ע© ¯ר¯± פפג¯±¯₪¯» ¯±פצף־¯» פ ¯«¯ר 
195, ¯ר¯± פֹף־¯ר¯₪פ פא¯₪ף־ ¯±ף־פצף־ ¯¦¯₪ף־¯_פא ¯₪פ פף־פד¯»¯±¯₪¯»ף־פצ פ¯_¯₪פד ¯רף־¯רפא פ פֹף־¯«פצ¯ר 
196, ¯»¯µפצף־¯± ¯_פ ער ¯ר¯± פֹ¯_ף־¯± ¯_ף־¯_¯»פֹ ¯₪¯ר¯±¯₪¯±ף־ פֹ¯«¯₪פא¯רפא פ ¯«¯ר 
197, פ פֹ¯₪ף־ ער¯₪¯_ ¯±פצ¯רפא ¯₪ף־ פ ¯±פֹ¯₪פד ¯₪¯_¯» 
198, ¯ר¯± פֹף־¯ר¯₪פ פא¯₪ף־ ¯±ף־פצף־ ¯¦¯₪ף־¯_פא ¯₪פ פף־פד¯»¯±¯₪¯»ף־פצ פ¯_¯₪פד ¯רף־¯רפא פ פֹף־¯«פצ¯ר 
199, ¯¦¯₪ף־¯_פא פדף־¯»ף־ע© פצ ¯₪¯_ע©פד¯±פצ¯»ף־ע© פצ FX ¯רף־¯רפא פ פֹף־¯«פצ¯ר 
200, ¯¦¯₪ף־¯_פא פדף־¯»ף־ע© פצ ¯₪¯_ע©פד¯±פצ¯»ף־ע© פצ FX ¯רף־¯רפא פ פֹף־¯«פצ¯ר 
201, ¯ר¯± פֹף־¯ר¯₪פ פא¯₪ף־ ¯±ף־פצף־ ¯¦¯₪ף־¯_פא ¯₪פ פף־פד¯»¯±¯₪¯»ף־פצ פ¯_¯₪פד ¯רף־¯רפא פ פֹף־¯«פצ¯ר 
202, ¯»¯µפצף־¯± ¯_פ ער ¯ר¯± פֹ¯_ף־¯± ¯_ף־¯_¯»פֹ ¯₪¯ר¯±¯₪¯±ף־ פֹ¯«¯₪פא¯רפא פ ¯«¯ר 
203, ¯ר¯± ¯₪¯_¯»¯¨פצ¯₪פ פא¯₪ף־ פג¯₪¯¬פד ¯±פצף־¯» ¯¦¯₪ף־¯_פא ¯₪ף־ פֹ¯«¯₪פא¯רפא פ ¯«¯ר 
204, ¯ר¯± פֹף־¯ר¯₪פ פא¯₪ף־ ¯±ף־פצף־ ¯¦¯₪ף־¯_פא ¯₪פ פף־פד¯»¯±¯₪¯»ף־פצ פ¯_¯₪פד ¯רף־¯רפא פ פֹף־¯«פצ¯ר 
205, ¯ר¯± פֹף־¯ר¯₪פ פא¯₪ף־ ¯±ף־פצף־ ¯¦¯₪ף־¯_פא ¯₪פ פף־פד¯»¯±¯₪¯»ף־פצ פ¯_¯₪פד ¯רף־¯רפא פ פֹף־¯«פצ¯ר 
206, ¯ר¯± פֹף־¯ר¯₪פ פא¯₪ף־ ¯±ף־פצף־ ¯¦¯₪ף־¯_פא ¯₪פ פף־פד¯»¯±¯₪¯»ף־פצ פ¯_¯₪פד ¯רף־¯רפא פ פֹף־¯«פצ¯ר 
207, ¯ר¯± פֹף־¯ר¯₪פ פא¯₪ף־ ¯±ף־פצף־ ¯¦¯₪ף־¯_פא ¯₪פ פף־פד¯»¯±¯₪¯»ף־פצ פ¯_¯₪פד ¯רף־¯רפא פ פֹף־¯«פצ¯ר 
208, ¯«פצ¯₪פא¯רף־ ¯₪¯_ ¯¦¯₪ף־¯_פא פ_¯₪¯»פצפדפצעקף־ע© פצ ¯רעקפ ¯±¯₪¯»ף־פצ ¯ר¯± פפג¯±¯₪¯» ¯±פצף־¯» פ ¯«¯ר 
209, ¯¦¯₪ף־¯_פא פדף־¯»ף־ע© פצ ¯₪¯_ע©פד¯±פצ¯»ף־ע© פצ FX ¯רף־¯רפא פ פֹף־¯«פצ¯ר 
210, ¯ר¯± פֹף־¯ר¯₪פ פא¯₪ף־ ¯±ף־פצף־ ¯¦¯₪ף־¯_פא ¯₪פ פף־פד¯»¯±¯₪¯»ף־פצ פ¯_¯₪פד ¯רף־¯רפא פ פֹף־¯«פצ¯ר 
211, ¯¦¯₪ף־¯_פא פדף־¯»ף־ע© פצ ¯₪¯_ע©פד¯±פצ¯»ף־ע© פצ FX ¯רף־¯רפא פ פֹף־¯«פצ¯ר 
212, ¯ר¯± פֹף־¯ר¯₪פ פא¯₪ף־ ¯±ף־פצף־ ¯¦¯₪ף־¯_פא ¯₪פ פף־פד¯»¯±¯₪¯»ף־פצ פ¯_¯₪פד ¯רף־¯רפא פ פֹף־¯«פצ¯ר 
213, ¯¦¯₪ף־¯_פא פדף־¯»ף־ע© פצ ¯₪¯_ע©פד¯±פצ¯»ף־ע© ¯רף־¯רפא פ פֹף־¯«פצ¯ר 
214, ¯«פצ¯₪פא¯רף־ ¯₪¯_ ¯¦¯₪ף־¯_פא פ_¯₪¯»פצפדפצעקף־ע© פצ ¯רעקפ ¯±¯₪¯»ף־פצ ¯ר¯± פפג¯±¯₪¯» ¯±פצף־¯» פ ¯«¯ר 
215, ¯¦¯₪ף־¯_פא פדף־¯»ף־ע© פצ ¯₪¯_ע©פד¯±פצ¯»ף־ע© פצ FX ¯רף־¯רפא פ פֹף־¯«פצ¯ר 
216, ¯ר¯± פֹף־¯ר¯₪פ פא¯₪ף־ ¯±ף־פצף־ ¯¦¯₪ף־¯_פא ¯₪פ פף־פד¯»¯±¯₪¯»ף־פצ פ¯_¯₪פד ¯רף־¯רפא פ פֹף־¯«פצ¯ר 
217, ¯»¯µפצף־¯± ¯_פ ער ¯ר¯± פֹ¯_ף־¯± ¯_ף־¯_¯»פֹ ¯₪¯ר¯±¯₪¯±ף־ פֹ¯«¯₪פא¯רפא פ ¯«¯ר 
218, פ פֹ¯₪ף־ ער¯₪¯_ ¯±פצ¯רפא ¯₪ף־ פ ¯±פֹ¯₪פד ¯₪¯_¯» 
219, ¯»¯µפצף־¯± ¯_פ ער ¯ר¯± פֹ¯_ף־¯± ¯_ף־¯_¯»פֹ ¯₪¯ר¯±¯₪¯±ף־ פֹ¯«¯₪פא¯רפא פ ¯«¯ר 
220, פ פֹ¯₪ף־ ער¯₪¯_ ¯±פצ¯רפא ¯₪ף־ פ ¯±פֹ¯₪פד ¯₪¯_¯» 
221, ¯ר¯± ¯₪¯_¯»¯¨פצ¯₪פ פא¯₪ף־ פג¯₪¯¬פד ¯±פצף־¯» ¯¦¯₪ף־¯_פא ¯₪ף־ פֹ¯«¯₪פא¯רפא פ ¯«¯ר 
222, ¯¦¯₪ף־¯_פא פדף־¯»ף־ע© פצ ¯₪¯_ע©פד¯±פצ¯»ף־ע© ¯רף־¯רפא פ פֹף־¯«פצ¯ר 
223, ¯ר¯± פֹף־¯ר¯₪פ פא¯₪ף־ ¯±ף־פצף־ ¯¦¯₪ף־¯_פא ¯₪פ פף־פד¯»¯±¯₪¯»ף־פצ פ¯_¯₪פד ¯רף־¯רפא פ פֹף־¯«פצ¯ר 
224, ¯«ע©¯_¯»ערף־ פצ¯₪¯¦¯_ ¯₪¯_¯»¯¨פצ¯₪פ ף־ ¯ר¯± ¯₪¯_¯»¯¨פצ¯₪פ פא¯₪ף־ nasal ¯רפצ ¯ב¯±פ פֹ¯«¯₪פא¯רפא פ ¯«¯ר 
225, ¯ר¯± פֹף־¯ר¯₪פ פא¯₪ף־ ¯±ף־פצף־ ¯¦¯₪ף־¯_פא ¯₪פ פף־פד¯»¯±¯₪¯»ף־פצ פ¯_¯₪פד ¯רף־¯רפא פ פֹף־¯«פצ¯ר 
226, ¯¦¯₪ף־¯_פא פדף־¯»ף־ע© פצ ¯₪¯_ע©פד¯±פצ¯»ף־ע© ¯רף־¯רפא פ פֹף־¯«פצ¯ר 